repo,variant,h_raw,k,state
a13xp0p0v/kernel-hardening-checker,candidate_15_15_15_15_20_20,78.136598,0.41,INSUFFICIENT_DATA
datalens/datalens,candidate_15_15_15_15_20_20,69.760064,0.41,INSUFFICIENT_DATA
dqdkfa/libmdbx,candidate_15_15_15_15_20_20,88.496656,0.41,INSUFFICIENT_DATA
gravity-ui/uikit,candidate_15_15_15_15_20_20,73.306685,0.314,INSUFFICIENT_DATA
suzev/advent-test,candidate_15_15_15_15_20_20,76.739666,0.41,INSUFFICIENT_DATA
appolimp/hello,candidate_15_15_15_15_20_20,66.531515,0.41,INSUFFICIENT_DATA
sourcecraft/sourcecraft,candidate_15_15_15_15_20_20,81.237846,0.41,INSUFFICIENT_DATA
mibon2019/test,candidate_15_15_15_15_20_20,50.251361,0.26,INSUFFICIENT_DATA
fy-demonar/test1,candidate_15_15_15_15_20_20,63.056233,0.314,INSUFFICIENT_DATA
nphne-3azqbags/gazprombank-reviews-analyzer,candidate_15_15_15_15_20_20,78.836812,0.366667,INSUFFICIENT_DATA
kes-plahotin/real-estate-catalog,candidate_15_15_15_15_20_20,69.606652,0.41,INSUFFICIENT_DATA
d-diukin-centr-to-ru/tesr,candidate_15_15_15_15_20_20,100.0,0.066667,INSUFFICIENT_DATA
axidex/random-number-telegram-bot,candidate_15_15_15_15_20_20,76.36234,0.41,INSUFFICIENT_DATA
231313131/testvuln,candidate_15_15_15_15_20_20,76.297061,0.41,INSUFFICIENT_DATA
artemka21005/hackathon25,candidate_15_15_15_15_20_20,70.220644,0.41,INSUFFICIENT_DATA
organization-boss-derevo-market/koleso-emotsii,candidate_15_15_15_15_20_20,69.317915,0.41,INSUFFICIENT_DATA
gradosphera/telegram-apps,candidate_15_15_15_15_20_20,63.144178,0.314,INSUFFICIENT_DATA
vegasonik2/smartroute,candidate_15_15_15_15_20_20,69.585201,0.41,INSUFFICIENT_DATA
cppshizoid/metautils,candidate_15_15_15_15_20_20,66.582024,0.41,INSUFFICIENT_DATA
therteenten/archive-optiram,candidate_15_15_15_15_20_20,66.779478,0.41,INSUFFICIENT_DATA
postgres/wal-g,candidate_15_15_15_15_20_20,72.466245,0.314,INSUFFICIENT_DATA
romanko-mikhail/bhlib,candidate_15_15_15_15_20_20,66.689526,0.41,INSUFFICIENT_DATA
nikulin-n-n/android-arduino,candidate_15_15_15_15_20_20,55.3781,0.26,INSUFFICIENT_DATA
n-prudkovskiy/first,candidate_15_15_15_15_20_20,71.686318,0.41,INSUFFICIENT_DATA
roxblnfk/happy-wife-happy-life,candidate_15_15_15_15_20_20,65.737205,0.41,INSUFFICIENT_DATA
kookaburra/docs,candidate_15_15_15_15_20_20,79.30738,0.366667,INSUFFICIENT_DATA
dreagledr-public/embedder,candidate_15_15_15_15_20_20,70.520937,0.41,INSUFFICIENT_DATA
al3xey1981ru/my-test,candidate_15_15_15_15_20_20,76.362337,0.41,INSUFFICIENT_DATA
lilmarlboro/zapretcloudflare,candidate_15_15_15_15_20_20,70.833902,0.366667,INSUFFICIENT_DATA
nitrogen1123/news-site-gazetka,candidate_15_15_15_15_20_20,72.220027,0.41,INSUFFICIENT_DATA
konstkaras/lj-clique,candidate_15_15_15_15_20_20,57.745013,0.26,INSUFFICIENT_DATA
yndx-korsak-pz-9zw190/repo-test,candidate_15_15_15_15_20_20,78.838653,0.366667,INSUFFICIENT_DATA
theilyakolosov/rag-system,candidate_15_15_15_15_20_20,76.214781,0.41,INSUFFICIENT_DATA
deepsweet/agentic-openspec,candidate_15_15_15_15_20_20,88.573356,0.41,INSUFFICIENT_DATA
codwiz/aassh,candidate_15_15_15_15_20_20,67.900353,0.41,INSUFFICIENT_DATA
artem03102006/codex-external-audit-public-20260916,candidate_15_15_15_15_20_20,84.518184,0.56,PROVISIONAL_SCORE
a13xp0p0v/kernel-hardening-checker,equal,78.103303,0.425,INSUFFICIENT_DATA
datalens/datalens,equal,68.836368,0.425,INSUFFICIENT_DATA
dqdkfa/libmdbx,equal,89.739529,0.425,INSUFFICIENT_DATA
gravity-ui/uikit,equal,72.851592,0.318333,INSUFFICIENT_DATA
suzev/advent-test,equal,76.179718,0.425,INSUFFICIENT_DATA
appolimp/hello,equal,64.835662,0.425,INSUFFICIENT_DATA
sourcecraft/sourcecraft,equal,81.138891,0.425,INSUFFICIENT_DATA
mibon2019/test,equal,44.907543,0.258333,INSUFFICIENT_DATA
fy-demonar/test1,equal,61.516882,0.318333,INSUFFICIENT_DATA
nphne-3azqbags/gazprombank-reviews-analyzer,equal,76.531764,0.388889,INSUFFICIENT_DATA
kes-plahotin/real-estate-catalog,equal,68.214963,0.425,INSUFFICIENT_DATA
d-diukin-centr-to-ru/tesr,equal,100.0,0.055556,INSUFFICIENT_DATA
axidex/random-number-telegram-bot,equal,75.719703,0.425,INSUFFICIENT_DATA
231313131/testvuln,equal,75.665303,0.425,INSUFFICIENT_DATA
artemka21005/hackathon25,equal,69.352799,0.425,INSUFFICIENT_DATA
organization-boss-derevo-market/koleso-emotsii,equal,67.896552,0.425,INSUFFICIENT_DATA
gradosphera/telegram-apps,equal,61.590554,0.318333,INSUFFICIENT_DATA
vegasonik2/smartroute,equal,68.510763,0.425,INSUFFICIENT_DATA
cppshizoid/metautils,equal,64.972663,0.425,INSUFFICIENT_DATA
therteenten/archive-optiram,equal,65.232898,0.425,INSUFFICIENT_DATA
postgres/wal-g,equal,72.170149,0.318333,INSUFFICIENT_DATA
romanko-mikhail/bhlib,equal,65.026367,0.425,INSUFFICIENT_DATA
nikulin-n-n/android-arduino,equal,51.659866,0.258333,INSUFFICIENT_DATA
n-prudkovskiy/first,equal,70.525051,0.425,INSUFFICIENT_DATA
roxblnfk/happy-wife-happy-life,equal,64.23698,0.425,INSUFFICIENT_DATA
kookaburra/docs,equal,77.184449,0.388889,INSUFFICIENT_DATA
dreagledr-public/embedder,equal,69.251417,0.425,INSUFFICIENT_DATA
al3xey1981ru/my-test,equal,75.718706,0.425,INSUFFICIENT_DATA
lilmarlboro/zapretcloudflare,equal,68.611743,0.388889,INSUFFICIENT_DATA
nitrogen1123/news-site-gazetka,equal,71.499419,0.425,INSUFFICIENT_DATA
konstkaras/lj-clique,equal,54.903802,0.258333,INSUFFICIENT_DATA
yndx-korsak-pz-9zw190/repo-test,equal,76.535128,0.388889,INSUFFICIENT_DATA
theilyakolosov/rag-system,equal,75.596612,0.425,INSUFFICIENT_DATA
deepsweet/agentic-openspec,equal,89.379669,0.425,INSUFFICIENT_DATA
codwiz/aassh,equal,66.343847,0.425,INSUFFICIENT_DATA
artem03102006/codex-external-audit-public-20260916,equal,84.716374,0.591667,PROVISIONAL_SCORE
a13xp0p0v/kernel-hardening-checker,security_code_15,78.086656,0.4325,INSUFFICIENT_DATA
datalens/datalens,security_code_15,68.37452,0.4325,INSUFFICIENT_DATA
dqdkfa/libmdbx,security_code_15,90.360965,0.4325,INSUFFICIENT_DATA
gravity-ui/uikit,security_code_15,72.624046,0.3205,INSUFFICIENT_DATA
suzev/advent-test,security_code_15,75.899744,0.4325,INSUFFICIENT_DATA
appolimp/hello,security_code_15,63.987736,0.4325,INSUFFICIENT_DATA
sourcecraft/sourcecraft,security_code_15,81.089413,0.4325,INSUFFICIENT_DATA
mibon2019/test,security_code_15,42.030102,0.2575,INSUFFICIENT_DATA
fy-demonar/test1,security_code_15,60.747207,0.3205,INSUFFICIENT_DATA
nphne-3azqbags/gazprombank-reviews-analyzer,security_code_15,75.379239,0.4,INSUFFICIENT_DATA
kes-plahotin/real-estate-catalog,security_code_15,67.519118,0.4325,INSUFFICIENT_DATA
d-diukin-centr-to-ru/tesr,security_code_15,100.0,0.05,INSUFFICIENT_DATA
axidex/random-number-telegram-bot,security_code_15,75.398384,0.4325,INSUFFICIENT_DATA
231313131/testvuln,security_code_15,75.349425,0.4325,INSUFFICIENT_DATA
artemka21005/hackathon25,security_code_15,68.918877,0.4325,INSUFFICIENT_DATA
organization-boss-derevo-market/koleso-emotsii,security_code_15,67.185871,0.4325,INSUFFICIENT_DATA
gradosphera/telegram-apps,security_code_15,60.813742,0.3205,INSUFFICIENT_DATA
vegasonik2/smartroute,security_code_15,67.973544,0.4325,INSUFFICIENT_DATA
cppshizoid/metautils,security_code_15,64.167983,0.4325,INSUFFICIENT_DATA
therteenten/archive-optiram,security_code_15,64.459609,0.4325,INSUFFICIENT_DATA
postgres/wal-g,security_code_15,72.022101,0.3205,INSUFFICIENT_DATA
romanko-mikhail/bhlib,security_code_15,64.194787,0.4325,INSUFFICIENT_DATA
nikulin-n-n/android-arduino,security_code_15,49.657741,0.2575,INSUFFICIENT_DATA
n-prudkovskiy/first,security_code_15,69.944418,0.4325,INSUFFICIENT_DATA
roxblnfk/happy-wife-happy-life,security_code_15,63.486868,0.4325,INSUFFICIENT_DATA
kookaburra/docs,security_code_15,76.122984,0.4,INSUFFICIENT_DATA
dreagledr-public/embedder,security_code_15,68.616657,0.4325,INSUFFICIENT_DATA
al3xey1981ru/my-test,security_code_15,75.39689,0.4325,INSUFFICIENT_DATA
lilmarlboro/zapretcloudflare,security_code_15,67.500663,0.4,INSUFFICIENT_DATA
nitrogen1123/news-site-gazetka,security_code_15,71.139115,0.4325,INSUFFICIENT_DATA
konstkaras/lj-clique,security_code_15,53.373919,0.2575,INSUFFICIENT_DATA
yndx-korsak-pz-9zw190/repo-test,security_code_15,75.383366,0.4,INSUFFICIENT_DATA
theilyakolosov/rag-system,security_code_15,75.287528,0.4325,INSUFFICIENT_DATA
deepsweet/agentic-openspec,security_code_15,89.782826,0.4325,INSUFFICIENT_DATA
codwiz/aassh,security_code_15,65.565593,0.4325,INSUFFICIENT_DATA
artem03102006/codex-external-audit-public-20260916,security_code_15,84.811799,0.6075,PROVISIONAL_SCORE
a13xp0p0v/kernel-hardening-checker,security_code_25,78.186541,0.3875,INSUFFICIENT_DATA
datalens/datalens,security_code_25,71.145608,0.3875,INSUFFICIENT_DATA
dqdkfa/libmdbx,security_code_25,86.632348,0.3875,INSUFFICIENT_DATA
gravity-ui/uikit,security_code_25,73.989323,0.3075,INSUFFICIENT_DATA
suzev/advent-test,security_code_25,77.579588,0.3875,INSUFFICIENT_DATA
appolimp/hello,security_code_25,69.075294,0.3875,INSUFFICIENT_DATA
sourcecraft/sourcecraft,security_code_25,81.386278,0.3875,INSUFFICIENT_DATA
mibon2019/test,security_code_25,57.376452,0.2625,INSUFFICIENT_DATA
fy-demonar/test1,security_code_25,65.365259,0.3075,INSUFFICIENT_DATA
nphne-3azqbags/gazprombank-reviews-analyzer,security_code_25,82.294385,0.333333,INSUFFICIENT_DATA
kes-plahotin/real-estate-catalog,security_code_25,71.694185,0.3875,INSUFFICIENT_DATA
d-diukin-centr-to-ru/tesr,security_code_25,100.0,0.083333,INSUFFICIENT_DATA
axidex/random-number-telegram-bot,security_code_25,77.326296,0.3875,INSUFFICIENT_DATA
231313131/testvuln,security_code_25,77.244697,0.3875,INSUFFICIENT_DATA
artemka21005/hackathon25,security_code_25,71.522412,0.3875,INSUFFICIENT_DATA
organization-boss-derevo-market/koleso-emotsii,security_code_25,71.449959,0.3875,INSUFFICIENT_DATA
gradosphera/telegram-apps,security_code_25,65.474613,0.3075,INSUFFICIENT_DATA
vegasonik2/smartroute,security_code_25,71.196859,0.3875,INSUFFICIENT_DATA
cppshizoid/metautils,security_code_25,68.996065,0.3875,INSUFFICIENT_DATA
therteenten/archive-optiram,security_code_25,69.099347,0.3875,INSUFFICIENT_DATA
postgres/wal-g,security_code_25,72.910389,0.3075,INSUFFICIENT_DATA
romanko-mikhail/bhlib,security_code_25,69.184264,0.3875,INSUFFICIENT_DATA
nikulin-n-n/android-arduino,security_code_25,60.335744,0.2625,INSUFFICIENT_DATA
n-prudkovskiy/first,security_code_25,73.428217,0.3875,INSUFFICIENT_DATA
roxblnfk/happy-wife-happy-life,security_code_25,67.987541,0.3875,INSUFFICIENT_DATA
kookaburra/docs,security_code_25,82.491776,0.333333,INSUFFICIENT_DATA
dreagledr-public/embedder,security_code_25,72.425218,0.3875,INSUFFICIENT_DATA
al3xey1981ru/my-test,security_code_25,77.327785,0.3875,INSUFFICIENT_DATA
lilmarlboro/zapretcloudflare,security_code_25,74.16714,0.333333,INSUFFICIENT_DATA
nitrogen1123/news-site-gazetka,security_code_25,73.300939,0.3875,INSUFFICIENT_DATA
konstkaras/lj-clique,security_code_25,61.533295,0.2625,INSUFFICIENT_DATA
yndx-korsak-pz-9zw190/repo-test,security_code_25,82.29394,0.333333,INSUFFICIENT_DATA
theilyakolosov/rag-system,security_code_25,77.142034,0.3875,INSUFFICIENT_DATA
deepsweet/agentic-openspec,security_code_25,87.363887,0.3875,INSUFFICIENT_DATA
codwiz/aassh,security_code_25,70.235114,0.3875,INSUFFICIENT_DATA
artem03102006/codex-external-audit-public-20260916,security_code_25,84.201079,0.5125,PROVISIONAL_SCORE
a13xp0p0v/kernel-hardening-checker,maintenance_focused,73.723964,0.41,INSUFFICIENT_DATA
datalens/datalens,maintenance_focused,62.604194,0.41,INSUFFICIENT_DATA
dqdkfa/libmdbx,maintenance_focused,87.687435,0.41,INSUFFICIENT_DATA
gravity-ui/uikit,maintenance_focused,67.423266,0.282,INSUFFICIENT_DATA
suzev/advent-test,maintenance_focused,71.415661,0.41,INSUFFICIENT_DATA
appolimp/hello,maintenance_focused,57.867703,0.41,INSUFFICIENT_DATA
sourcecraft/sourcecraft,maintenance_focused,77.366669,0.41,INSUFFICIENT_DATA
mibon2019/test,maintenance_focused,44.907543,0.31,INSUFFICIENT_DATA
fy-demonar/test1,maintenance_focused,53.820259,0.282,INSUFFICIENT_DATA
nphne-3azqbags/gazprombank-reviews-analyzer,maintenance_focused,71.838116,0.366667,INSUFFICIENT_DATA
kes-plahotin/real-estate-catalog,maintenance_focused,61.857955,0.41,INSUFFICIENT_DATA
d-diukin-centr-to-ru/tesr,maintenance_focused,100.0,0.066667,INSUFFICIENT_DATA
axidex/random-number-telegram-bot,maintenance_focused,70.863644,0.41,INSUFFICIENT_DATA
231313131/testvuln,maintenance_focused,70.798364,0.41,INSUFFICIENT_DATA
artemka21005/hackathon25,maintenance_focused,63.223359,0.41,INSUFFICIENT_DATA
organization-boss-derevo-market/koleso-emotsii,maintenance_focused,61.475863,0.41,INSUFFICIENT_DATA
gradosphera/telegram-apps,maintenance_focused,53.910518,0.282,INSUFFICIENT_DATA
vegasonik2/smartroute,maintenance_focused,62.212915,0.41,INSUFFICIENT_DATA
cppshizoid/metautils,maintenance_focused,57.967196,0.41,INSUFFICIENT_DATA
therteenten/archive-optiram,maintenance_focused,58.279478,0.41,INSUFFICIENT_DATA
postgres/wal-g,maintenance_focused,66.604178,0.282,INSUFFICIENT_DATA
romanko-mikhail/bhlib,maintenance_focused,58.03164,0.41,INSUFFICIENT_DATA
nikulin-n-n/android-arduino,maintenance_focused,51.659866,0.31,INSUFFICIENT_DATA
n-prudkovskiy/first,maintenance_focused,64.74517,0.41,INSUFFICIENT_DATA
roxblnfk/happy-wife-happy-life,maintenance_focused,57.087474,0.41,INSUFFICIENT_DATA
kookaburra/docs,maintenance_focused,72.621339,0.366667,INSUFFICIENT_DATA
dreagledr-public/embedder,maintenance_focused,63.1017,0.41,INSUFFICIENT_DATA
al3xey1981ru/my-test,maintenance_focused,70.862447,0.41,INSUFFICIENT_DATA
lilmarlboro/zapretcloudflare,maintenance_focused,62.334091,0.366667,INSUFFICIENT_DATA
nitrogen1123/news-site-gazetka,maintenance_focused,65.799303,0.41,INSUFFICIENT_DATA
konstkaras/lj-clique,maintenance_focused,54.903802,0.31,INSUFFICIENT_DATA
yndx-korsak-pz-9zw190/repo-test,maintenance_focused,71.842154,0.366667,INSUFFICIENT_DATA
theilyakolosov/rag-system,maintenance_focused,70.715935,0.41,INSUFFICIENT_DATA
deepsweet/agentic-openspec,maintenance_focused,87.255603,0.41,INSUFFICIENT_DATA
codwiz/aassh,maintenance_focused,59.612616,0.41,INSUFFICIENT_DATA
artem03102006/codex-external-audit-public-20260916,maintenance_focused,82.69095,0.51,PROVISIONAL_SCORE
